1|5|Resources/Images/a2.jpg
2|3|Resources/Images/arrow.png
3|3|Resources/Images/athens.jpg
4|5|Resources/Images/arrow.png
5|3|Resources/Images/arrow.png
6|5|Resources/Images/andjelkina-kapija.jpg
7|5|Resources/Images/add.png
8|1|Resources/Images/andjelkina-kapija.jpg
9|1|Resources/Images/add.png
10|10|Resources/Images/burger_menu.png
11|1|Resources/Images/bell.png
12|10|Resources/Images/andjelkina-kapija.jpg
13|10|Resources/Images/bell.png
14|10|Resources/Images/andjelkina-kapija.jpg
15|10|Resources/Images/andjelkina-kapija.jpg
16|10|Resources/Images/bell.png
17|1|Resources/Images/bell.png
18|10|Resources/Images/andjelkina-kapija.jpg
19|9|Resources/Images/a1.jpg
20|9|Resources/Images/add.png
21|9|Resources/Images/account.png
22|9|Resources/Images/365day.png
23|10|Resources/Images/back.png
24|14|Resources/Images/account.png
25|9|Resources/Images/add.png
26|10|Resources/Images/arrow.png
27|9|Resources/Images/andjelkina-kapija.jpg
28|9|Resources/Images/andjelkina-kapija.jpg
29|10|Resources/Images/andjelkina-kapija.jpg
30|9|Resources/Images/arrow.png
31|10|Resources/Images/account.png
32|12|Resources/Images/account.png
33|12|Resources/Images/add.png
34|12|Resources/Images/add.png
35|12|Resources/Images/add.png
